Keyword,Source,Seed
claude excel,Bing,Claude
claude excel,Google,Claude
claude education,Bing,Claude
claude education,Google,Claude
claude额度,Google,Claude
claude extension,Bing,Claude
claude extension,Google,Claude
claude extended thinking,Bing,Claude
claude extended thinking,Google,Claude
claude extra usage,Bing,Claude
claude extra usage,Google,Claude
claude elwood shannon,Bing,Claude
claude elwood shannon,Google,Claude
claude engineer,Bing,Claude
claude engineer,Google,Claude
claude error,Bing,Claude
claude error,Google,Claude
claude exporter,Bing,Claude
claude exporter,Google,Claude
claude error writing file,Bing,Claude
claude error writing file,Google,Claude
claude ai,Bing,Claude
claude ai,Google,Claude
claude api,Bing,Claude
claude api,Google,Claude
claude agent sdk,Bing,Claude
claude agent sdk,Google,Claude
claude 安装,Bing,Claude
claude 安装,Google,Claude
claude agent,Bing,Claude
claude agent,Google,Claude
claude app,Bing,Claude
claude app,Google,Claude
claude api key,Bing,Claude
claude api key,Google,Claude
claude api价格,Bing,Claude
claude api价格,Google,Claude
claude api price,Bing,Claude
claude api price,Google,Claude
claude agent sdk 使用,Google,Claude
claude ai 官网,Google,Claude
claude agent skills,Bing,Claude
claude agent skills,Google,Claude
claude anthropic,Bing,Claude
claude anthropic,Google,Claude
claude api key 获取,Bing,Claude
claude api key 获取,Google,Claude
claude ai官网,Bing,Claude
claude a,Bing,Claude
claude a,Google,Claude
claude code,Bing,Claude
claude code,Google,Claude
claude skills,Bing,Claude
claude skills,Google,Claude
claude desktop,Bing,Claude
claude desktop,Google,Claude
claude opus,Bing,Claude
claude opus,Google,Claude
claude code 安装,Google,Claude
claude code router,Bing,Claude
claude code router,Google,Claude
claude code 使用教程,Google,Claude
claude cli,Bing,Claude
claude cli,Google,Claude
claude opus 4.5,Bing,Claude
claude opus 4.5,Google,Claude
claude code 下载,Google,Claude
claude code mcp,Bing,Claude
claude code mcp,Google,Claude
claude code官网,Bing,Claude
claude code安装,Bing,Claude
claude官网,Bing,Claude
claude yy,Bing,Claude
claude yy,Google,Claude
claude 官网,Google,Claude
claude github,Bing,Claude
claude github,Google,Claude
claude 更新,Bing,Claude
claude 更新,Google,Claude
claude 国内 使用,Google,Claude
claude 国内,Google,Claude
claude 公司,Google,Claude
claude 国内注册,Google,Claude
claude国内镜像,Bing,Claude
claude国内镜像,Google,Claude
claude 购买,Google,Claude
claude公益站,Google,Claude
claude官方文档,Google,Claude
claude llm,Bing,Claude
claude llm,Google,Claude
claude gui,Bing,Claude
claude gui,Google,Claude
claude 国内使用,Bing,Claude
claude gemini chatgpt 比較,Bing,Claude
claude国内怎么用,Bing,Claude
claude blog,Bing,Claude
claude blog,Google,Claude
claude被封,Google,Claude
claude版本,Google,Claude
claude不支持中国手机号,Google,Claude
claude崩了,Google,Claude
claude by anthropic,Bing,Claude
claude by anthropic,Google,Claude
claude 编程,Bing,Claude
claude 编程,Google,Claude
claude 不支持中国,Google,Claude
claude 本地部署,Google,Claude
claude被封号,Bing,Claude
claude被封号,Google,Claude
claude 八荣八耻,Google,Claude
claude被封了怎么办,Google,Claude
claude本地部署,Bing,Claude
claude docs,Bing,Claude
claude docs,Google,Claude
claude download,Bing,Claude
claude download,Google,Claude
claude 订阅,Google,Claude
claude登录,Google,Claude
claude 电话验证,Google,Claude
claude 代理,Google,Claude
claude定价,Google,Claude
claude desktop 下载,Bing,Claude
claude desktop 下载,Google,Claude
claude 短信验证,Google,Claude
claude desktop app,Bing,Claude
claude desktop app,Google,Claude
claude多少钱,Google,Claude
claude debussy,Bing,Claude
claude debussy,Google,Claude
claude desktop 国内,Bing,Claude
claude desktop是什么,Bing,Claude
claude for chrome,Bing,Claude
claude for chrome,Google,Claude
claude 封号,Bing,Claude
claude 封号,Google,Claude
claude free,Bing,Claude
claude free,Google,Claude
claude for desktop,Bing,Claude
claude for desktop,Google,Claude
claude flow,Bing,Claude
claude flow,Google,Claude
claude for excel,Bing,Claude
claude for excel,Google,Claude
claude 发音,Google,Claude
claude 翻译,Google,Claude
claude 防封号,Google,Claude
claude封号严重,Bing,Claude
claude封号严重,Google,Claude
claude 费用,Google,Claude
claude 付费,Google,Claude
claude code skills,Bing,Claude
claude code skills,Google,Claude
claude code 官网,Google,Claude
claude code docs,Bing,Claude
claude code docs,Google,Claude
claude code cli,Bing,Claude
claude code cli,Google,Claude
claude code 使用,Google,Claude
claude code 教程,Google,Claude
claude code github,Bing,Claude
claude code github,Google,Claude
claude镜像,Bing,Claude
claude镜像,Google,Claude
claude 价格,Bing,Claude
claude 价格,Google,Claude
claude教程,Bing,Claude
claude教程,Google,Claude
claude镜像站,Bing,Claude
claude镜像站,Google,Claude
claude 接码,Google,Claude
claude镜像网站,Bing,Claude
claude镜像网站,Google,Claude
claude 介绍,Google,Claude
claude 降智,Google,Claude
claude 教育优惠,Google,Claude
claude禁止中国使用,Google,Claude
claude 降价,Google,Claude
claude 酒馆,Google,Claude
claude 禁止中国,Google,Claude
claude接入glm,Google,Claude
claude 镜像网站,Bing,Claude
claude镜像免费,Bing,Claude
claude镜像免费,Google,Claude
claude介绍,Bing,Claude
claude介绍,Google,Claude
claude镜像官网,Bing,Claude
claude in chrome,Bing,Claude
claude in chrome,Google,Claude
claude ide,Bing,Claude
claude ide,Google,Claude
claude install,Bing,Claude
claude install,Google,Claude
claude idea,Bing,Claude
claude idea,Google,Claude
claude icon,Bing,Claude
claude icon,Google,Claude
claude ios,Bing,Claude
claude ios,Google,Claude
claude idea 使用,Google,Claude
claude ios订阅,Google,Claude
claude init 命令,Google,Claude
claude invalid api key · please run /login,Bing,Claude
claude invalid api key · please run /login,Google,Claude
claude idea插件,Bing,Claude
claude mcp,Bing,Claude
claude mcp,Google,Claude
claude max,Bing,Claude
claude max,Google,Claude
claude 模型,Google,Claude
claude monet,Bing,Claude
claude monet,Google,Claude
claude memory,Bing,Claude
claude memory,Google,Claude
claude 母公司,Google,Claude
claude mem,Bing,Claude
claude mem,Google,Claude
claude 命令,Google,Claude
claude 免费,Bing,Claude
claude 免费,Google,Claude
claude mcp 配置,Google,Claude
claude免费使用,Bing,Claude
claude免费使用,Google,Claude
claude md,Bing,Claude
claude md,Google,Claude
claude monet 中文,Google,Claude
claude模型,Bing,Claude
claude max和pro区别,Bing,Claude
claude logo,Bing,Claude
claude logo,Google,Claude
claude lsp,Bing,Claude
claude lsp,Google,Claude
claude login,Bing,Claude
claude login,Google,Claude
claude 浏览器,Google,Claude
claude lorrain,Bing,Claude
claude lorrain,Google,Claude
claude 历史记录,Google,Claude
claude lévi-strauss,Bing,Claude
claude lévi-strauss,Google,Claude
claude linux,Bing,Claude
claude linux,Google,Claude
claude 礼品卡,Google,Claude
claude opus 4.1,Bing,Claude
claude opus 4.1,Google,Claude
claude opus 4,Bing,Claude
claude opus 4,Google,Claude
claude opus是什么,Bing,Claude
claude opus是什么,Google,Claude
claude opus sonnet haiku 区别,Google,Claude
claude opus 4.5怎么样,Google,Claude
claude opus sonnet 区别,Google,Claude
claude opus和sonnet区别,Bing,Claude
claude opus 4和claude sonnet 4,Bing,Claude
claude haiku,Bing,Claude
claude haiku,Google,Claude
claude haiku 4.5,Bing,Claude
claude haiku 4.5,Google,Claude
claude和cursor,Bing,Claude
claude和cursor,Google,Claude
claude会员,Bing,Claude
claude会员,Google,Claude
claude hooks,Bing,Claude
claude hooks,Google,Claude
claude好用吗,Google,Claude
claude haiku vs sonnet,Bing,Claude
claude haiku vs sonnet,Google,Claude
claude haiku是什么,Bing,Claude
claude haiku是什么,Google,Claude
claude和cursor区别,Google,Claude
claude和chatgpt对比,Google,Claude
claude和gemini,Bing,Claude
claude和gemini,Google,Claude
claude会员价格,Bing,Claude
claude会员价格,Google,Claude
claude和gpt对比,Google,Claude
claude和gemini对比,Google,Claude
claude haiku和sonnet,Bing,Claude
claude 客户端,Bing,Claude
claude 客户端,Google,Claude
claude 开源,Bing,Claude
claude 开源,Google,Claude
claude key,Bing,Claude
claude key,Google,Claude
claude可以用中国手机号注册吗,Google,Claude
claude客服,Google,Claude
claude可以免费使用吗,Google,Claude
claude 快捷键,Google,Claude
claude 客户端下载,Google,Claude
claude 开发者平台,Google,Claude
claude skills github,Bing,Claude
claude skills github,Google,Claude
claude skills 介绍,Google,Claude
claude skills 详解,Google,Claude
claude skill 使用,Google,Claude
claude skills是什么,Google,Claude
claude 开源吗,Bing,Claude
claude 逆向,Google,Claude
claude news,Bing,Claude
claude news,Google,Claude
claude npm,Bing,Claude
claude npm,Google,Claude
claude哪个模型最好,Google,Claude
claude 尼日利亚,Google,Claude
claude哪个公司的,Bing,Claude
claude哪个公司的,Google,Claude
claude 哪家公司,Google,Claude
claude 逆向 api,Google,Claude
claude哪个版本最好,Google,Claude
claude npm install,Bing,Claude
claude npm install,Google,Claude
claude哪个模型好用,Google,Claude
claude new model,Bing,Claude
claude new model,Google,Claude
claude哪个版本最强,Bing,Claude
claude relay service,Bing,Claude
claude relay service,Google,Claude
claude如何注册,Bing,Claude
claude如何注册,Google,Claude
claude如何使用,Bing,Claude
claude如何使用,Google,Claude
claude router,Bing,Claude
claude router,Google,Claude
claude rules,Bing,Claude
claude rules,Google,Claude
claude research,Bing,Claude
claude research,Google,Claude
claude reddit,Bing,Claude
claude reddit,Google,Claude
claude如何充值,Google,Claude
claude resume,Bing,Claude
claude resume,Google,Claude
claude 如何免费使用,Google,Claude
claude sonnet,Bing,Claude
claude sonnet,Google,Claude
claude是什么,Bing,Claude
claude是什么,Google,Claude
claude是哪个公司的,Google,Claude
claude使用,Google,Claude
claude status,Bing,Claude
claude status,Google,Claude
claude skills marketplace,Bing,Claude
claude skills marketplace,Google,Claude
claude手机号验证,Google,Claude
claude skills 教程,Google,Claude
claude sonnet和opus区别,Bing,Claude
claude是哪家公司的,Bing,Claude
claude sonnet opus haiku区别,Bing,Claude
claude pro,Bing,Claude
claude pro,Google,Claude
claude price,Bing,Claude
claude price,Google,Claude
claude pro 使用限制,Bing,Claude
claude pro 使用限制,Google,Claude
claude plugin,Bing,Claude
claude plugin,Google,Claude
claude 配置,Google,Claude
claude prompt engineering,Bing,Claude
claude prompt engineering,Google,Claude
claude pro和max区别,Bing,Claude
claude pro和max区别,Google,Claude
claude pro 购买,Bing,Claude
claude pro 购买,Google,Claude
claude proxy,Bing,Claude
claude proxy,Google,Claude
claude破限,Google,Claude
claude pronunciation,Bing,Claude
claude pronunciation,Google,Claude
claude project,Bing,Claude
claude project,Google,Claude
claude plugin marketplace,Bing,Claude
claude plugin marketplace,Google,Claude
claude pro 额度,Bing,Claude
claude pro 额度,Google,Claude
claude pro max,Bing,Claude
claude pro max,Google,Claude
claude prompt,Bing,Claude
claude prompt,Google,Claude
claude pro和普通版有什么区别,Bing,Claude
claude pro价格,Bing,Claude
claude图标,Bing,Claude
claude图标,Google,Claude
claude team,Bing,Claude
claude team,Google,Claude
claude 提示词,Bing,Claude
claude 提示词,Google,Claude
claude this organization has been disabled,Bing,Claude
claude this organization has been disabled,Google,Claude
claude tools,Bing,Claude
claude tools,Google,Claude
claude token,Bing,Claude
claude token,Google,Claude
claude套餐,Google,Claude
claude 添加mcp,Google,Claude
claude 退款,Google,Claude
claude terminal,Bing,Claude
claude terminal,Google,Claude
claude thinking,Bing,Claude
claude thinking,Google,Claude
claude token价格,Bing,Claude
claude 切换模型,Google,Claude
claude 全局配置,Google,Claude
claude 请取消阻止 challenges.cloudflare.com 后继续。,Google,Claude
claude 强项,Google,Claude
claude 权限,Google,Claude
claude 企业版,Google,Claude
claude 企业方案,Google,Claude
claude 全局提示词,Google,Claude
claude 前端,Google,Claude
claude 取消订阅,Google,Claude
claude 全局mcp,Google,Claude
claude 切换,Google,Claude
claude 启动命令,Google,Claude
claude qwen,Bing,Claude
claude qwen,Google,Claude
claude切换模型,Bing,Claude
claude 價格,Bing,Claude
claude 契約,Bing,Claude
claude 区域 - 用户管理系统,Bing,Claude
claude usage,Bing,Claude
claude usage,Google,Claude
claude update,Bing,Claude
claude update,Google,Claude
claude ui,Bing,Claude
claude ui,Google,Claude
claude upgrade,Bing,Claude
claude upgrade,Google,Claude
claude usage limits,Bing,Claude
claude usage limits,Google,Claude
claude ui设计,Google,Claude
claude vscode,Bing,Claude
claude vscode,Google,Claude
claude vs chatgpt,Bing,Claude
claude vs chatgpt,Google,Claude
claude verify your phone number,Bing,Claude
claude verify your phone number,Google,Claude
claude version,Bing,Claude
claude version,Google,Claude
claude vs cursor,Bing,Claude
claude vs cursor,Google,Claude
claude vs gemini,Bing,Claude
claude vs gemini,Google,Claude
claude vscode使用,Google,Claude
claude vpn,Bing,Claude
claude vpn,Google,Claude
claude vibe coding,Bing,Claude
claude vibe coding,Google,Claude
claude vs gpt,Bing,Claude
claude vs gpt,Google,Claude
claude vscode插件,Bing,Claude
claude web,Bing,Claude
claude web,Google,Claude
claude windows,Bing,Claude
claude windows,Google,Claude
claude 文档,Google,Claude
claude为什么不支持中国,Bing,Claude
claude为什么不支持中国,Google,Claude
claude无法注册,Google,Claude
claude windows 安装,Bing,Claude
claude windows 安装,Google,Claude
claude web search,Bing,Claude
claude web search,Google,Claude
claude workbench,Bing,Claude
claude workbench,Google,Claude
claude will return soon,Bing,Claude
claude will return soon,Google,Claude
claude wiki,Bing,Claude
claude wiki,Google,Claude
claude无法使用,Google,Claude
claude 无法访问,Google,Claude
claude workflow,Bing,Claude
claude workflow,Google,Claude
claude windows app,Bing,Claude
claude windows app,Google,Claude
claude网页版,Bing,Claude
claude 下载,Google,Claude
claude学生优惠,Bing,Claude
claude学生优惠,Google,Claude
claude学生认证,Bing,Claude
claude学生认证,Google,Claude
claude限额,Google,Claude
claude需要手机号,Bing,Claude
claude需要手机号,Google,Claude
claude 卸载,Bing,Claude
claude 卸载,Google,Claude
claude 信用卡,Google,Claude
claude 最新模型,Google,Claude
claude 限制,Google,Claude
claude 学生,Bing,Claude
claude 学生,Google,Claude
claude 写代码,Google,Claude
claude 系统提示词,Google,Claude
claude 虚拟信用卡,Google,Claude
claude 虚拟卡,Google,Claude
claude 写作,Google,Claude
claude下载,Bing,Claude
claude 新闻,Bing,Claude
claude写代码,Bing,Claude
claude 香港,Bing,Claude
claude下载教程,Bing,Claude
claude需要翻墙吗,Bing,Claude
claude 验证码,Bing,Claude
claude 验证码,Google,Claude
claude有学生优惠吗,Google,Claude
claude yolo,Bing,Claude
claude yolo,Google,Claude
claude 验证手机号,Google,Claude
claude yolo模式,Bing,Claude
claude yolo模式,Google,Claude
claude 优惠,Google,Claude
claude有哪些模型,Google,Claude
claude一个月多少钱,Bing,Claude
claude一个月多少钱,Google,Claude
claude 越狱,Google,Claude
claude用不了,Google,Claude
claude 音标,Google,Claude
claude 用量,Google,Claude
claude越狱提示词,Google,Claude
claudeyy中国官网,Bing,Claude
claude验证手机号,Bing,Claude
claude要钱吗,Bing,Claude
claude与cursor,Bing,Claude
claude ai api,Bing,Claude AI
claude ai api,Google,Claude AI
claude ai agent,Bing,Claude AI
claude ai agent,Google,Claude AI
claude ai app,Bing,Claude AI
claude ai app,Google,Claude AI
claude ai anthropic,Bing,Claude AI
claude ai anthropic,Google,Claude AI
claude ai api key,Bing,Claude AI
claude ai api key,Google,Claude AI
claude ai apk,Bing,Claude AI
claude ai apk,Google,Claude AI
claude ai artifacts,Bing,Claude AI
claude ai artifacts,Google,Claude AI
claude ai app download,Bing,Claude AI
claude ai app download,Google,Claude AI
claude注册,Bing,Claude
claude注册,Google,Claude
claude账号,Bing,Claude
claude账号,Google,Claude
claude账号购买,Google,Claude
claude中转站,Bing,Claude
claude中转站,Google,Claude
claude 中转,Bing,Claude
claude 中转,Google,Claude
claude怎么注册,Bing,Claude
claude怎么注册,Google,Claude
claude注册需要手机号,Bing,Claude
claude注册需要手机号,Google,Claude
claude 中文,Bing,Claude
claude 中文,Google,Claude
claude账号被封,Google,Claude
claude最新模型,Bing,Claude
claude最新模型,Google,Claude
claude怎么读,Bing,Claude
claude怎么读,Google,Claude
claude注册手机号,Bing,Claude
claude注册手机号,Google,Claude
claude账号注册,Bing,Claude
claude账号注册,Google,Claude
claude 中国,Bing,Claude
claude 中国,Google,Claude
claude最新版本,Google,Claude
claude怎么用,Bing,Claude
claude怎么用,Google,Claude
claude怎么使用,Bing,Claude
claude怎么使用,Google,Claude
claude注册教程,Bing,Claude
claude注册教程,Google,Claude
claude ai编程,Google,Claude AI
claude ai 比较,Google,Claude AI
claude ai browser,Bing,Claude AI
claude ai browser,Google,Claude AI
claude ai 不能 用,Google,Claude AI
claude ai black friday,Bing,Claude AI
claude ai black friday,Google,Claude AI
claude ai是什么,Bing,Claude AI
claude ai是什么,Google,Claude AI
claude ai是哪个公司的,Bing,Claude AI
claude ai是哪个公司的,Google,Claude AI
claude ai 注册,Google,Claude AI
claude ai怎么样,Google,Claude AI
claude ai student discount,Bing,Claude AI
claude ai student discount,Google,Claude AI
claude ai code,Bing,Claude AI
claude ai code,Google,Claude AI
claude ai使用,Google,Claude AI
claude ai 中国,Bing,Claude AI
claude ai 中国,Google,Claude AI
claude ai download,Bing,Claude AI
claude ai download,Google,Claude AI
claude ai student,Bing,Claude AI
claude ai student,Google,Claude AI
claude ai镜像,Bing,Claude AI
claude ai login,Bing,Claude AI
claude ai login,Google,Claude AI
claude ai chat,Bing,Claude AI
claude ai chat,Google,Claude AI
claude ai free,Bing,Claude AI
claude ai free,Google,Claude AI
claude ai coding,Bing,Claude AI
claude ai coding,Google,Claude AI
claude ai chrome extension,Bing,Claude AI
claude ai chrome extension,Google,Claude AI
claude ai company,Bing,Claude AI
claude ai company,Google,Claude AI
claude ai cli,Bing,Claude AI
claude ai cli,Google,Claude AI
claude ai console,Bing,Claude AI
claude ai console,Google,Claude AI
claude ai desktop,Bing,Claude AI
claude ai desktop,Google,Claude AI
claude ai 当机,Google,Claude AI
claude ai discount,Bing,Claude AI
claude ai discount,Google,Claude AI
claude ai desktop app,Bing,Claude AI
claude ai desktop app,Google,Claude AI
claude ai detector,Bing,Claude AI
claude ai detector,Google,Claude AI
claude ai error,Bing,Claude AI
claude ai error,Google,Claude AI
claude ai education,Bing,Claude AI
claude ai education,Google,Claude AI
claude ai extension,Bing,Claude AI
claude ai extension,Google,Claude AI
claude ai enterprise,Bing,Claude AI
claude ai enterprise,Google,Claude AI
claude air,Bing,Claude AI
claude air,Google,Claude AI
claude ai 繁体 中文,Google,Claude AI
claude ai 方案,Google,Claude AI
claude ai 发音,Google,Claude AI
claude ai费用,Google,Claude AI
claude ai for desktop,Bing,Claude AI
claude ai for desktop,Google,Claude AI
claude ai 好用吗,Google,Claude AI
claude ai hong kong,Bing,Claude AI
claude ai hong kong,Google,Claude AI
claude ai help,Bing,Claude AI
claude ai help,Google,Claude AI
claude ai install,Bing,Claude AI
claude ai install,Google,Claude AI
claude ai is free,Bing,Claude AI
claude ai is free,Google,Claude AI
claude ai image,Bing,Claude AI
claude ai image,Google,Claude AI
claude ai跟 chatgpt ai比起来 有什么不一样,Google,Claude AI
claude ai 公司,Google,Claude AI
claude ai 购买,Google,Claude AI
claude ai工具,Google,Claude AI
claude ai github,Bing,Claude AI
claude ai github,Google,Claude AI
claude ai 功能,Google,Claude AI
claude ai 教学,Google,Claude AI
claude ai 价钱,Google,Claude AI
claude ai 镜像,Google,Claude AI
claude ai 介绍,Bing,Claude AI
claude ai 介绍,Google,Claude AI
claude ai介紹,Google,Claude AI
claude ai jetbrains,Bing,Claude AI
claude ai jetbrains,Google,Claude AI
claude ai jailbreak,Bing,Claude AI
claude ai jailbreak,Google,Claude AI
claude ai jobs,Bing,Claude AI
claude ai jobs,Google,Claude AI
claude ai 介紹,Bing,Claude AI
claude ai 教學,Bing,Claude AI
claude ai 解約,Bing,Claude AI
claude ai key,Bing,Claude AI
claude ai key,Google,Claude AI
claude aiken,Bing,Claude AI
claude aiken,Google,Claude AI
claude ai kosten,Bing,Claude AI
claude ai kosten,Google,Claude AI
claude aiken actor,Bing,Claude AI
claude aiken actor,Google,Claude AI
claude ai kimin,Bing,Claude AI
claude ai kimin,Google,Claude AI
claude ai 会社,Bing,Claude AI
claude ai 勘定科目,Bing,Claude AI
claude ai 浏览器,Google,Claude AI
claude ai logo,Bing,Claude AI
claude ai logo,Google,Claude AI
claude ai lse,Bing,Claude AI
claude ai lse,Google,Claude AI
claude ai漏洞 攻击者可利用代码解释器窃取企业数据,Google,Claude AI
claude ai latest version,Bing,Claude AI
claude ai latest version,Google,Claude AI
claude ai 免费 版 限制,Google,Claude AI
claude ai 免费,Google,Claude AI
claude ai模型,Google,Claude AI
claude ai model,Bing,Claude AI
claude ai model,Google,Claude AI
claude ai mcp,Bing,Claude AI
claude ai mcp,Google,Claude AI
claude ai max,Bing,Claude AI
claude ai max,Google,Claude AI
claude ai 免費,Bing,Claude AI
claude ai news,Bing,Claude AI
claude ai news,Google,Claude AI
claude ai not working,Bing,Claude AI
claude ai not working,Google,Claude AI
claude ai online,Bing,Claude AI
claude ai online,Google,Claude AI
claude ai owner,Bing,Claude AI
claude ai owner,Google,Claude AI
claude ai official website,Bing,Claude AI
claude ai official website,Google,Claude AI
claude ai price,Bing,Claude AI
claude ai price,Google,Claude AI
claude ai pricing,Bing,Claude AI
claude ai pricing,Google,Claude AI
claude ai pro,Bing,Claude AI
claude ai pro,Google,Claude AI
claude ai 评价,Google,Claude AI
claude ai prompt,Bing,Claude AI
claude ai prompt,Google,Claude AI
claude ai pro plan,Bing,Claude AI
claude ai pro plan,Google,Claude AI
claude ai pro free,Bing,Claude AI
claude ai pro free,Google,Claude AI
claude ai programming,Bing,Claude AI
claude ai programming,Google,Claude AI
claude ai 强项,Google,Claude AI
claude ai que es y para que sirve,Bing,Claude AI
claude ai que es y para que sirve,Google,Claude AI
claude ai 企業,Bing,Claude AI
claude ai駆動開発,Bing,Claude AI
claude ai 價格,Bing,Claude AI
claude ai 契約,Bing,Claude AI
claude ai 情報漏洩,Bing,Claude AI
claude ai rate exceeded,Bing,Claude AI
claude ai rate exceeded,Google,Claude AI
claude ai review,Bing,Claude AI
claude ai review,Google,Claude AI
claude ai 日本語,Bing,Claude AI
claude ai status,Bing,Claude AI
claude ai status,Google,Claude AI
claude ai 使用 教学,Google,Claude AI
claude ai studio,Bing,Claude AI
claude ai studio,Google,Claude AI
claude ai 收费,Google,Claude AI
claude ai subscription,Bing,Claude AI
claude ai subscription,Google,Claude AI
claude ai usage,Bing,Claude AI
claude ai usage,Google,Claude AI
claude ai ui,Bing,Claude AI
claude ai ui,Google,Claude AI
claude ai upgrade,Bing,Claude AI
claude ai upgrade,Google,Claude AI
claude ai uk,Bing,Claude AI
claude ai uk,Google,Claude AI
claude ai usage limits,Bing,Claude AI
claude ai usage limits,Google,Claude AI
claude ai use cases,Bing,Claude AI
claude ai use cases,Google,Claude AI
claude ai unlimited,Bing,Claude AI
claude ai unlimited,Google,Claude AI
claude ai 香港,Bing,Claude AI
claude ai 香港,Google,Claude AI
claude ai 学生,Bing,Claude AI
claude ai 学生,Google,Claude AI
claude ai 写程式,Google,Claude AI
claude ai 下载,Google,Claude AI
claude ai 学生 方案,Google,Claude AI
claude ai限制,Google,Claude AI
claude ai 写作,Google,Claude AI
claude是什么ai,Google,Claude AI
claude ai下载,Bing,Claude AI
claude ai 下載,Bing,Claude AI
claude ai 消費税,Bing,Claude AI
claude ai 学習,Bing,Claude AI
claude ai 限制,Bing,Claude AI
claude ai 学割,Bing,Claude AI
claude ai 性能,Bing,Claude AI
claude ai vs chatgpt,Bing,Claude AI
claude ai vs chatgpt,Google,Claude AI
claude ai vibe coding,Bing,Claude AI
claude ai vibe coding,Google,Claude AI
claude ai vscode,Bing,Claude AI
claude ai vscode,Google,Claude AI
claude ai vs copilot,Bing,Claude AI
claude ai vs copilot,Google,Claude AI
claude ai 无法使用,Google,Claude AI
claude ai wiki,Bing,Claude AI
claude ai wiki,Google,Claude AI
claude ai which company,Bing,Claude AI
claude ai which company,Google,Claude AI
claude ai windows,Bing,Claude AI
claude ai windows,Google,Claude AI
claude ai who made it,Bing,Claude AI
claude ai who made it,Google,Claude AI
claude ai who owns,Bing,Claude AI
claude ai who owns,Google,Claude AI
claude ai website,Bing,Claude AI
claude ai website,Google,Claude AI
claude ai 优惠,Google,Claude AI
claude ai 优点,Google,Claude AI
claude ai 用途,Bing,Claude AI
claude ai 用途,Google,Claude AI
claude ai 月額,Bing,Claude AI
claude ai 有料版,Bing,Claude AI
claude ai 英会話,Bing,Claude AI
claude ai 有料プラン,Bing,Claude AI
claude ai 予期せぬ容量制限,Bing,Claude AI
claude ai 怎么 用,Google,Claude AI
claude ai 中文 介面,Google,Claude AI
claude ai 账号,Google,Claude AI
claude ai 中文,Bing,Claude AI
claude ai 中文,Google,Claude AI
claude ai中文版,Google,Claude AI
claude ai 最新,Bing,Claude AI
claude ai 最新,Google,Claude AI
claude ai注册,Bing,Claude AI
claude ai怎么用,Bing,Claude AI
claude ai 制限,Bing,Claude AI
claude ai 障害,Bing,Claude AI
claude ai 値段,Bing,Claude AI
claude ai 中文版,Bing,Claude AI
claude 3.5 sonnet 使用,Google,Claude 3.5 Sonnet
claude 3.5 sonnet 免费,Bing,Claude 3.5 Sonnet
claude 3.5 sonnet 免费,Google,Claude 3.5 Sonnet
claude 3.5 sonnet是什么,Bing,Claude 3.5 Sonnet
claude 3.5 sonnet是什么,Google,Claude 3.5 Sonnet
claude 3.5 sonnet api,Bing,Claude 3.5 Sonnet
claude 3.5 sonnet api,Google,Claude 3.5 Sonnet
claude 3.5 sonnet中文,Google,Claude 3.5 Sonnet
claude 3.5 sonnet 1022,Bing,Claude 3.5 Sonnet
claude 3.5 sonnet 1022,Google,Claude 3.5 Sonnet
claude 3.5 sonnet model card addendum,Bing,Claude 3.5 Sonnet
claude 3.5 sonnet model card addendum,Google,Claude 3.5 Sonnet
claude 3.5 sonnet computer use,Bing,Claude 3.5 Sonnet
claude 3.5 sonnet computer use,Google,Claude 3.5 Sonnet
claude 3.5 sonnet api price,Bing,Claude 3.5 Sonnet
claude 3.5 sonnet api price,Google,Claude 3.5 Sonnet
claude 3.5 sonnet paper,Bing,Claude 3.5 Sonnet
claude 3.5 sonnet paper,Google,Claude 3.5 Sonnet
claude 3.5 sonnet github,Bing,Claude 3.5 Sonnet
claude 3.5 sonnet github,Google,Claude 3.5 Sonnet
claude 3.5 sonnet aws,Bing,Claude 3.5 Sonnet
claude 3.5 sonnet aws,Google,Claude 3.5 Sonnet
claude 3.5 sonnet,Bing,Claude 3.5 Sonnet
claude 3.5 sonnet,Google,Claude 3.5 Sonnet
claude 3.5 sonnet使用,Bing,Claude 3.5 Sonnet
claude 3.5 sonnet使用,Google,Claude 3.5 Sonnet
claude 3.5 sonnet anthropic,Bing,Claude 3.5 Sonnet
claude 3.5 sonnet anthropic,Google,Claude 3.5 Sonnet
claude 3.5 sonnet new,Bing,Claude 3.5 Sonnet
claude 3.5 sonnet new,Google,Claude 3.5 Sonnet
claude 3.5 sonnet free,Bing,Claude 3.5 Sonnet
claude 3.5 sonnet free,Google,Claude 3.5 Sonnet
claude 3.5 sonnet v2,Bing,Claude 3.5 Sonnet
claude 3.5 sonnet v2,Google,Claude 3.5 Sonnet
claude 3.5 sonnet ai,Bing,Claude 3.5 Sonnet
claude 3.5 sonnet ai,Google,Claude 3.5 Sonnet
claude 3.5 sonnet download,Bing,Claude 3.5 Sonnet
claude 3.5 sonnet download,Google,Claude 3.5 Sonnet
claude 3.5 sonnet api key,Bing,Claude 3.5 Sonnet
claude 3.5 sonnet api key,Google,Claude 3.5 Sonnet
claude 3.5 sonnet api 购买,Google,Claude 3.5 Sonnet
claude 3.5 sonnet api 价格,Bing,Claude 3.5 Sonnet
claude 3.5 sonnet api 价格,Google,Claude 3.5 Sonnet
claude 3.5 sonnet api key free,Bing,Claude 3.5 Sonnet
claude 3.5 sonnet api key free,Google,Claude 3.5 Sonnet
claude 3.5 sonnet api 免费,Google,Claude 3.5 Sonnet
claude 3.5 sonnet azure,Bing,Claude 3.5 Sonnet
claude 3.5 sonnet azure,Google,Claude 3.5 Sonnet
claude 3.5 sonnet cursor,Bing,Claude 3.5 Sonnet
claude 3.5 sonnet cursor,Google,Claude 3.5 Sonnet
claude 3.5 sonnet context length,Bing,Claude 3.5 Sonnet
claude 3.5 sonnet context length,Google,Claude 3.5 Sonnet
claude 3.5 sonnet coding,Bing,Claude 3.5 Sonnet
claude 3.5 sonnet coding,Google,Claude 3.5 Sonnet
claude 3.5 sonnet context window,Bing,Claude 3.5 Sonnet
claude 3.5 sonnet context window,Google,Claude 3.5 Sonnet
claude 3.5 sonnet copilot,Bing,Claude 3.5 Sonnet
claude 3.5 sonnet copilot,Google,Claude 3.5 Sonnet
claude 3.5 sonnet chat,Bing,Claude 3.5 Sonnet
claude 3.5 sonnet chat,Google,Claude 3.5 Sonnet
claude 3.5 sonnet cost,Bing,Claude 3.5 Sonnet
claude 3.5 sonnet cost,Google,Claude 3.5 Sonnet
claude 3.5 sonnet deepseek r1,Bing,Claude 3.5 Sonnet
claude 3.5 sonnet deepseek r1,Google,Claude 3.5 Sonnet
claude 3.5 sonnet download model,Bing,Claude 3.5 Sonnet
claude 3.5 sonnet download model,Google,Claude 3.5 Sonnet
claude 3.5 sonnet 定价,Bing,Claude 3.5 Sonnet
claude 3.5 sonnet 对比,Bing,Claude 3.5 Sonnet
claude 3.5 sonnet 调用,Bing,Claude 3.5 Sonnet
claude 3.5 sonnet 多少钱,Bing,Claude 3.5 Sonnet
claude 3.5 sonnet free api,Bing,Claude 3.5 Sonnet
claude 3.5 sonnet free api,Google,Claude 3.5 Sonnet
claude 3.5 sonnet free api key,Bing,Claude 3.5 Sonnet
claude 3.5 sonnet free api key,Google,Claude 3.5 Sonnet
claude 3.5 sonnet function calling,Bing,Claude 3.5 Sonnet
claude 3.5 sonnet function calling,Google,Claude 3.5 Sonnet
claude 3.5 sonnet free online,Bing,Claude 3.5 Sonnet
claude 3.5 sonnet free online,Google,Claude 3.5 Sonnet
claude 3.5 sonnet free limit,Bing,Claude 3.5 Sonnet
claude 3.5 sonnet free limit,Google,Claude 3.5 Sonnet
claude 3.5 sonnet free unlimited,Bing,Claude 3.5 Sonnet
claude 3.5 sonnet free unlimited,Google,Claude 3.5 Sonnet
claude 3.5 sonnet from anthropic,Bing,Claude 3.5 Sonnet
claude 3.5 sonnet from anthropic,Google,Claude 3.5 Sonnet
claude 3.5 sonnet free access,Bing,Claude 3.5 Sonnet
claude 3.5 sonnet free access,Google,Claude 3.5 Sonnet
claude 3.5 sonnet 国内 使用,Google,Claude 3.5 Sonnet
claude 3.5 sonnet gpt4o 比較,Google,Claude 3.5 Sonnet
claude 3.5 sonnet gguf,Bing,Claude 3.5 Sonnet
claude 3.5 sonnet gguf,Google,Claude 3.5 Sonnet
claude 3.5 sonnet github copilot,Bing,Claude 3.5 Sonnet
claude 3.5 sonnet github copilot,Google,Claude 3.5 Sonnet
claude 3.5 sonnet gpt 4o 比较,Google,Claude 3.5 Sonnet
claude 3.5 sonnet官网,Bing,Claude 3.5 Sonnet
claude 3.5 sonnet gpt-4o 性能对比,Bing,Claude 3.5 Sonnet
claude 3.5 sonnet gpt-4o 对比,Bing,Claude 3.5 Sonnet
claude 3.5 sonnet huggingface,Bing,Claude 3.5 Sonnet
claude 3.5 sonnet huggingface,Google,Claude 3.5 Sonnet
claude 3.5 sonnet haiku 区别,Google,Claude 3.5 Sonnet
claude 3.5 sonnet和opus区别,Bing,Claude 3.5 Sonnet
claude 3.5 sonnet 和 gpt4o,Bing,Claude 3.5 Sonnet
claude 3.5 sonnet 画像,Bing,Claude 3.5 Sonnet
claude 3.5 sonnet和haiku,Bing,Claude 3.5 Sonnet
claude 3.5 sonnet 会社,Bing,Claude 3.5 Sonnet
claude 3.5 sonnet 和o1,Bing,Claude 3.5 Sonnet
claude 3.5 sonnet 回数制限,Bing,Claude 3.5 Sonnet
claude 3.5 sonnet 和 deepseek,Bing,Claude 3.5 Sonnet
claude 3.5 sonnet 和 claude 3 opus,Bing,Claude 3.5 Sonnet
claude 3.5 sonnet haiku 違い,Bing,Claude 3.5 Sonnet
claude 3.5 sonnet 价格,Bing,Claude 3.5 Sonnet
claude 3.5 sonnet 镜像,Bing,Claude 3.5 Sonnet
claude 3.5 sonnet 镜像,Google,Claude 3.5 Sonnet
claude 3.5 sonnet 金額,Bing,Claude 3.5 Sonnet
claude 3.5 sonnet 降智,Bing,Claude 3.5 Sonnet
claude 3.5 sonnet介绍,Bing,Claude 3.5 Sonnet
claude 3.5 sonnet技术报告,Bing,Claude 3.5 Sonnet
claude 3.5 sonnet镜像站,Bing,Claude 3.5 Sonnet
claude 3.5 sonnet镜像网站,Bing,Claude 3.5 Sonnet
claude 3.5 sonnet技术细节,Bing,Claude 3.5 Sonnet
claude 3.5 sonnet 开源,Bing,Claude 3.5 Sonnet
claude 3.5 sonnet 开源吗,Bing,Claude 3.5 Sonnet
claude3.5 sonnet可以发多少条,Bing,Claude 3.5 Sonnet
claude 3.5 sonnet is free,Bing,Claude 3.5 Sonnet
claude 3.5 sonnet is free,Google,Claude 3.5 Sonnet
claude 3.5 sonnet output token limit,Bing,Claude 3.5 Sonnet
claude 3.5 sonnet output token limit,Google,Claude 3.5 Sonnet
claude 3.5 sonnet local,Bing,Claude 3.5 Sonnet
claude 3.5 sonnet local,Google,Claude 3.5 Sonnet
claude 3.5 sonnet latest,Bing,Claude 3.5 Sonnet
claude 3.5 sonnet latest,Google,Claude 3.5 Sonnet
claude 3.5 sonnet limit,Bing,Claude 3.5 Sonnet
claude 3.5 sonnet limit,Google,Claude 3.5 Sonnet
claude 3.5 sonnet logo,Bing,Claude 3.5 Sonnet
claude 3.5 sonnet logo,Google,Claude 3.5 Sonnet
claude 3.5 sonnet llm,Bing,Claude 3.5 Sonnet
claude 3.5 sonnet llm,Google,Claude 3.5 Sonnet
claude3.5 sonnet 料金,Bing,Claude 3.5 Sonnet
claude 3.5 sonnet论文,Bing,Claude 3.5 Sonnet
claude 3.5 sonnet model,Bing,Claude 3.5 Sonnet
claude 3.5 sonnet model,Google,Claude 3.5 Sonnet
claude 3.5 sonnet max tokens,Bing,Claude 3.5 Sonnet
claude 3.5 sonnet max tokens,Google,Claude 3.5 Sonnet
claude 3.5 sonnet model card,Bing,Claude 3.5 Sonnet
claude 3.5 sonnet model card,Google,Claude 3.5 Sonnet
claude 3.5 sonnet model size,Bing,Claude 3.5 Sonnet
claude 3.5 sonnet model size,Google,Claude 3.5 Sonnet
claude 3.5 sonnet model id,Bing,Claude 3.5 Sonnet
claude 3.5 sonnet model id,Google,Claude 3.5 Sonnet
claude 3.5 sonnet 免費,Bing,Claude 3.5 Sonnet
claude 3.5 sonnet模型,Bing,Claude 3.5 Sonnet
claude 3.5 sonnet模型下载,Bing,Claude 3.5 Sonnet
claude 3.5 sonnet not free,Bing,Claude 3.5 Sonnet
claude 3.5 sonnet not free,Google,Claude 3.5 Sonnet
claude 3.5 sonnet not available,Bing,Claude 3.5 Sonnet
claude 3.5 sonnet not available,Google,Claude 3.5 Sonnet
claude 3.5 sonnet new使用,Bing,Claude 3.5 Sonnet
claude 3.5 sonnet 本地部署,Bing,Claude 3.5 Sonnet
claude 3.5 sonnet 比較,Bing,Claude 3.5 Sonnet
claude 3.5 sonnet 编程,Bing,Claude 3.5 Sonnet
claude 3.5 sonnet 部署,Bing,Claude 3.5 Sonnet
claude 3.5 sonnet ollama,Bing,Claude 3.5 Sonnet
claude 3.5 sonnet ollama,Google,Claude 3.5 Sonnet
claude 3.5 sonnet opus,Bing,Claude 3.5 Sonnet
claude 3.5 sonnet opus,Google,Claude 3.5 Sonnet
claude 3.5 sonnet online,Bing,Claude 3.5 Sonnet
claude 3.5 sonnet online,Google,Claude 3.5 Sonnet
claude 3.5 sonnet o que é,Bing,Claude 3.5 Sonnet
claude 3.5 sonnet o que é,Google,Claude 3.5 Sonnet
claude 3.5 sonnet poe,Bing,Claude 3.5 Sonnet
claude 3.5 sonnet poe,Google,Claude 3.5 Sonnet
claude 3.5 sonnet parameter,Bing,Claude 3.5 Sonnet
claude 3.5 sonnet parameter,Google,Claude 3.5 Sonnet
claude 3.5 sonnet preview,Bing,Claude 3.5 Sonnet
claude 3.5 sonnet preview,Google,Claude 3.5 Sonnet
claude 3.5 sonnet parameter size,Bing,Claude 3.5 Sonnet
claude 3.5 sonnet parameter size,Google,Claude 3.5 Sonnet
claude 3.5 sonnet prompt,Bing,Claude 3.5 Sonnet
claude 3.5 sonnet prompt,Google,Claude 3.5 Sonnet
claude 3.5 sonnet pdf,Bing,Claude 3.5 Sonnet
claude 3.5 sonnet pdf,Google,Claude 3.5 Sonnet
claude 3.5 sonnet que es,Bing,Claude 3.5 Sonnet
claude 3.5 sonnet que es,Google,Claude 3.5 Sonnet
claude 3.5 sonnet 参数,Google,Claude 3.5 Sonnet
claude 3.5 sonnet 性能,Bing,Claude 3.5 Sonnet
claude 3.5 sonnet 性能,Google,Claude 3.5 Sonnet
claude 3.5 sonnet怎么用,Bing,Claude 3.5 Sonnet
claude 3.5 sonnet怎么用,Google,Claude 3.5 Sonnet
claude 3.5 sonnet 無料,Bing,Claude 3.5 Sonnet
claude 3.5 sonnet release date,Bing,Claude 3.5 Sonnet
claude 3.5 sonnet release date,Google,Claude 3.5 Sonnet
claude 3.5 sonnet reddit,Bing,Claude 3.5 Sonnet
claude 3.5 sonnet reddit,Google,Claude 3.5 Sonnet
claude 3.5 sonnet 日本語,Bing,Claude 3.5 Sonnet
claude 3.5 sonnet 如何使用,Bing,Claude 3.5 Sonnet
claude 3.5 sonnet token,Bing,Claude 3.5 Sonnet
claude 3.5 sonnet token,Google,Claude 3.5 Sonnet
claude 3.5 sonnet token limit,Bing,Claude 3.5 Sonnet
claude 3.5 sonnet token limit,Google,Claude 3.5 Sonnet
claude 3.5 sonnet temperature,Bing,Claude 3.5 Sonnet
claude 3.5 sonnet temperature,Google,Claude 3.5 Sonnet
claude 3.5 sonnet 特徴,Bing,Claude 3.5 Sonnet
claude 3.5 sonnet 提示词,Bing,Claude 3.5 Sonnet
claude 3.5 sonnet 推理速度 成本,Bing,Claude 3.5 Sonnet
claude 3.5 sonnet图标,Bing,Claude 3.5 Sonnet
claude 3.5 sonnet system prompt,Bing,Claude 3.5 Sonnet
claude 3.5 sonnet system prompt,Google,Claude 3.5 Sonnet
claude 3.5 sonnet size,Bing,Claude 3.5 Sonnet
claude 3.5 sonnet size,Google,Claude 3.5 Sonnet
claude 3.5 sonnet system card,Bing,Claude 3.5 Sonnet
claude 3.5 sonnet system card,Google,Claude 3.5 Sonnet
claude 3.5 sonnet sign in,Bing,Claude 3.5 Sonnet
claude 3.5 sonnet sign in,Google,Claude 3.5 Sonnet
claude 3.5 sonnet 上限,Bing,Claude 3.5 Sonnet
claude 3.5 sonnet 使い方,Bing,Claude 3.5 Sonnet
claude 3.5 sonnet 始め方,Bing,Claude 3.5 Sonnet
claude 3.5 sonnet vs haiku,Bing,Claude 3.5 Sonnet
claude 3.5 sonnet vs haiku,Google,Claude 3.5 Sonnet
claude 3.5 sonnet vs gpt o1,Bing,Claude 3.5 Sonnet
claude 3.5 sonnet vs gpt o1,Google,Claude 3.5 Sonnet
claude 3.5 sonnet vs deepseek,Bing,Claude 3.5 Sonnet
claude 3.5 sonnet vs deepseek,Google,Claude 3.5 Sonnet
claude 3.5 sonnet vs claude 3 opus,Bing,Claude 3.5 Sonnet
claude 3.5 sonnet vs claude 3 opus,Google,Claude 3.5 Sonnet
claude 3.5 sonnet vs opus,Bing,Claude 3.5 Sonnet
claude 3.5 sonnet vs opus,Google,Claude 3.5 Sonnet
claude 3.5 sonnet vs o1,Bing,Claude 3.5 Sonnet
claude 3.5 sonnet vs o1,Google,Claude 3.5 Sonnet
claude 3.5 sonnet website,Bing,Claude 3.5 Sonnet
claude 3.5 sonnet website,Google,Claude 3.5 Sonnet
claude 3.5 sonnet what is it,Bing,Claude 3.5 Sonnet
claude 3.5 sonnet what is it,Google,Claude 3.5 Sonnet
claude 3.5 sonnet wiki,Bing,Claude 3.5 Sonnet
claude 3.5 sonnet wiki,Google,Claude 3.5 Sonnet
claude 3.5 sonnet 无法使用,Bing,Claude 3.5 Sonnet
claude 3.5 sonnet网址,Bing,Claude 3.5 Sonnet
claude 3.5 sonnet 香港,Bing,Claude 3.5 Sonnet
claude 3.5 sonnet 小説,Bing,Claude 3.5 Sonnet
claude 3.5 sonnet 限制,Bing,Claude 3.5 Sonnet
claude 3.5 sonnet下载,Bing,Claude 3.5 Sonnet
claude 3.5 sonnet 消息限制,Bing,Claude 3.5 Sonnet
claude 3.5 sonnet性能影响,Bing,Claude 3.5 Sonnet
claude 3.5 sonnet性能影响分析,Bing,Claude 3.5 Sonnet
claude 3 . 5 sonnet写代码,Bing,Claude 3.5 Sonnet
claude 3 . 5 sonnet需要付费吗,Bing,Claude 3.5 Sonnet
claude 3.5 sonnet 学習データ,Bing,Claude 3.5 Sonnet
claude 3.5 sonnet 优势,Bing,Claude 3.5 Sonnet
claude 3.5 sonnet 应用场景,Bing,Claude 3.5 Sonnet
claude 3.5 sonnet 应用案例,Bing,Claude 3.5 Sonnet
claude 3.5 sonnet 用户评价,Bing,Claude 3.5 Sonnet
claude 3.5 sonnet要钱吗,Bing,Claude 3.5 Sonnet
claude 3.5 sonnet用户反馈,Bing,Claude 3.5 Sonnet
claude 3.5 sonnet与gpt-4o性能对比,Bing,Claude 3.5 Sonnet
claude 3.5 sonnet 有料 無料 違い,Bing,Claude 3.5 Sonnet
claude pro 套餐,Bing,Claude Pro
claude pro 套餐,Google,Claude Pro
claude pro plan,Bing,Claude Pro
claude pro plan,Google,Claude Pro
claude pro账号,Google,Claude Pro
claude pro price,Bing,Claude Pro
claude pro price,Google,Claude Pro
claude pro和max,Bing,Claude Pro
claude pro和max,Google,Claude Pro
claude pro和max有什么区别,Bing,Claude Pro
claude pro是什么,Bing,Claude Pro
claude pro是什么,Google,Claude Pro
claude 3.5 sonnet 中文,Bing,Claude 3.5 Sonnet
claude 3.5 sonnet 制限,Bing,Claude 3.5 Sonnet
claude 3.5 sonnet注册,Bing,Claude 3.5 Sonnet
claude 3.5 sonnet怎么样,Bing,Claude 3.5 Sonnet
claude 3.5 sonnet 中国,Bing,Claude 3.5 Sonnet
claude 3.5 sonnet 在线使用,Bing,Claude 3.5 Sonnet
claude 3.5 sonnet 怎么申请,Bing,Claude 3.5 Sonnet
claude 3.5 sonnet怎么读,Bing,Claude 3.5 Sonnet
claude 3.5 sonnet账号,Bing,Claude 3.5 Sonnet
claude 3.5 sonnet怎么收费,Bing,Claude 3.5 Sonnet
claude 3.5 sonnet怎么使用,Bing,Claude 3.5 Sonnet
claude pro 半价,Google,Claude Pro
claude pro buy,Bing,Claude Pro
claude pro buy,Google,Claude Pro
claude pro benefits,Bing,Claude Pro
claude pro benefits,Google,Claude Pro
claude pro 包月,Bing,Claude Pro
claude pro版本聊天次数限制是多少,Bing,Claude Pro
claudepro版本一天多少条,Bing,Claude Pro
claude pro 被封,Bing,Claude Pro
claude pro api,Bing,Claude Pro
claude pro api,Google,Claude Pro
claude pro api key,Bing,Claude Pro
claude pro api key,Google,Claude Pro
claude pro account,Bing,Claude Pro
claude pro account,Google,Claude Pro
claude pro anthropic,Bing,Claude Pro
claude pro anthropic,Google,Claude Pro
claude pro ai,Bing,Claude Pro
claude pro ai,Google,Claude Pro
claude pro 充值,Google,Claude Pro
claude pro 次数 限制,Google,Claude Pro
claude pro code,Bing,Claude Pro
claude pro code,Google,Claude Pro
claude pro claude code,Bing,Claude Pro
claude pro claude code,Google,Claude Pro
claude pro 次数,Google,Claude Pro
claude pro cline,Bing,Claude Pro
claude pro cline,Google,Claude Pro
claude pro chatgpt plus 比較,Bing,Claude Pro
claude pro的使用限制,Google,Claude Pro
claude pro discount,Bing,Claude Pro
claude pro discount,Google,Claude Pro
claude pro 订阅,Bing,Claude Pro
claude pro多少钱,Bing,Claude Pro
claude pro的限制,Bing,Claude Pro
claude pro代充,Bing,Claude Pro
claude pro多少钱一个月,Bing,Claude Pro
claude pro 登録,Bing,Claude Pro
claude pro 登録方法,Bing,Claude Pro
claude pro vs chatgpt plus,Bing,Claude Pro
claude pro vs chatgpt plus,Google,Claude Pro
claude pro free,Bing,Claude Pro
claude pro free,Google,Claude Pro
claude pro 费用,Google,Claude Pro
claude pro free trial,Bing,Claude Pro
claude pro free trial,Google,Claude Pro
claude pro for students,Bing,Claude Pro
claude pro for students,Google,Claude Pro
claude pro free for students,Bing,Claude Pro
claude pro free for students,Google,Claude Pro
claude pro 方案,Google,Claude Pro
claude pronounce,Bing,Claude Pro
claude pronounce,Google,Claude Pro
claude pro 够用吗,Google,Claude Pro
claude pro 国内,Google,Claude Pro
claude pro 功能,Google,Claude Pro
claude pro giá rẻ,Bing,Claude Pro
claude pro giá rẻ,Google,Claude Pro
claude pro gratis,Bing,Claude Pro
claude pro gratis,Google,Claude Pro
claude pro giá,Bing,Claude Pro
claude pro giá,Google,Claude Pro
claude programming,Bing,Claude Pro
claude programming,Google,Claude Pro
claude pro官网,Bing,Claude Pro
claude pro 共享,Bing,Claude Pro
claude pro 镜像,Google,Claude Pro
claude pro 解約,Bing,Claude Pro
claude project 功能,Bing,Claude Pro
claude projects 使い方,Bing,Claude Pro
claude pro ios 订阅,Google,Claude Pro
claude pro会员,Bing,Claude Pro
claude pro会员,Google,Claude Pro
claude pro和claude code的区别,Google,Claude Pro
claude pro how much usage,Bing,Claude Pro
claude pro how much usage,Google,Claude Pro
claude pro how many tokens,Bing,Claude Pro
claude pro how many tokens,Google,Claude Pro
claude pro how many messages,Bing,Claude Pro
claude pro how many messages,Google,Claude Pro
claude pro和gpt4哪个强,Bing,Claude Pro
claude pro合租,Bing,Claude Pro
claude pro 会社名,Bing,Claude Pro
claude pro 何ができる,Bing,Claude Pro
claude pro 可以用 claude code 吗,Google,Claude Pro
claude pro kosten,Bing,Claude Pro
claude pro kosten,Google,Claude Pro
claude pro kündigen,Bing,Claude Pro
claude pro kündigen,Google,Claude Pro
claude pro kostenlos,Bing,Claude Pro
claude pro kostenlos,Google,Claude Pro
claude pro可以使用claude code吗,Bing,Claude Pro
claude pro可以用opus吗,Bing,Claude Pro
claude pro可以问多少次,Bing,Claude Pro
claude pro开通,Bing,Claude Pro
claude pro 勘定科目,Bing,Claude Pro
claude pro login,Bing,Claude Pro
claude pro login,Google,Claude Pro
claude pro length limit,Bing,Claude Pro
claude pro length limit,Google,Claude Pro
claude pro 料金,Bing,Claude Pro
claude pro 料金 日本円,Bing,Claude Pro
claude pro 利用制限,Bing,Claude Pro
claude pro max 区别,Google,Claude Pro
claude pro 免费,Google,Claude Pro
claude pro max 比较,Google,Claude Pro
claude pro 免费 试用,Google,Claude Pro
claude pro 免费一个月,Google,Claude Pro
claude pro 模型,Google,Claude Pro
claude pro max 比較,Bing,Claude Pro
claude pro能用claude code吗,Bing,Claude Pro
claude pro能用claude code吗,Google,Claude Pro
claude pronovost hockey,Bing,Claude Pro
claude pronovost hockey,Google,Claude Pro
claude pronunciation in english,Bing,Claude Pro
claude pronunciation in english,Google,Claude Pro
claude pro 内容,Bing,Claude Pro
claude pro 能用多久,Bing,Claude Pro
claude pro opus,Bing,Claude Pro
claude pro opus,Google,Claude Pro
claude pro or chatgpt plus,Bing,Claude Pro
claude pro or chatgpt plus,Google,Claude Pro
claude pro 区别,Bing,Claude Pro
claude pro que es,Bing,Claude Pro
claude pro que es,Google,Claude Pro
claude pro 價格,Bing,Claude Pro
claude pro 契約,Bing,Claude Pro
claude pro权益,Bing,Claude Pro
claude pro reddit,Bing,Claude Pro
claude pro reddit,Google,Claude Pro
claude pro 如何使用 claude code,Google,Claude Pro
claude pro research,Bing,Claude Pro
claude pro research,Google,Claude Pro
claude pro 日本,Bing,Claude Pro
claude pro如何使用,Bing,Claude Pro
claude pro入口,Bing,Claude Pro
claude pro plan limit,Bing,Claude Pro
claude pro plan limit,Google,Claude Pro
claude pro plan api key,Bing,Claude Pro
claude pro plan api key,Google,Claude Pro
claude pro paypal,Bing,Claude Pro
claude pro paypal,Google,Claude Pro
claude pro 台湾 付费,Google,Claude Pro
claude pro 套餐的 3倍 用量,Google,Claude Pro
claude pro 套餐用量,Google,Claude Pro
claude pro token限制,Google,Claude Pro
claude pro 台湾 ptt,Google,Claude Pro
claude pro 台湾 可以 用 吗,Google,Claude Pro
claude pro trial,Bing,Claude Pro
claude pro trial,Google,Claude Pro
claude pro 退 款,Google,Claude Pro
claude pro 套餐的 3 倍用量,Bing,Claude Pro
claude pro team 違い,Bing,Claude Pro
claude pro student,Bing,Claude Pro
claude pro student,Google,Claude Pro
claude pro 使用 claude code,Google,Claude Pro
claude pro 试用,Google,Claude Pro
claude pro使用,Google,Claude Pro
claude pro session limit,Bing,Claude Pro
claude pro session limit,Google,Claude Pro
claude pro 使用量,Google,Claude Pro
claude pro student discount,Bing,Claude Pro
claude pro student discount,Google,Claude Pro
claude pro shopee,Bing,Claude Pro
claude pro shopee,Google,Claude Pro
claude pro subscription,Bing,Claude Pro
claude pro subscription,Google,Claude Pro
claude pro 上限,Google,Claude Pro
claude pro 使用制限,Bing,Claude Pro
claude pro usage,Bing,Claude Pro
claude pro usage,Google,Claude Pro
claude pro usage limits,Bing,Claude Pro
claude pro usage limits,Google,Claude Pro
claude pro vs max,Bing,Claude Pro
claude pro vs max,Google,Claude Pro
claude pro vs free,Bing,Claude Pro
claude pro vs free,Google,Claude Pro
claude pro vscode,Bing,Claude Pro
claude pro vscode,Google,Claude Pro
claude pro vs api,Bing,Claude Pro
claude pro vs api,Google,Claude Pro
claude pro weekly limit,Bing,Claude Pro
claude pro weekly limit,Google,Claude Pro
claude pro worth it,Bing,Claude Pro
claude pro worth it,Google,Claude Pro
claude pro 文字数,Bing,Claude Pro
claude pro网站,Bing,Claude Pro
claude pro 用量,Bing,Claude Pro
claude pro 用量,Google,Claude Pro
claude pro 优惠,Google,Claude Pro
claude pro 用量 限制,Google,Claude Pro
claude pro 有多少token,Google,Claude Pro
claude pro yearly,Bing,Claude Pro
claude pro yearly,Google,Claude Pro
claude pro有次数限制吗,Bing,Claude Pro
claude pro一个月多少钱,Bing,Claude Pro
claude pro与deepseek,Bing,Claude Pro
claude pro有多少token,Bing,Claude Pro
claude pro有什么用,Bing,Claude Pro
claude pro有什么功能,Bing,Claude Pro
claude pro有什么区别,Bing,Claude Pro
claude pro 月額,Bing,Claude Pro
claude pro 有料プラン,Bing,Claude Pro
claude pro 账号,Google,Claude Pro
claude pro 账号 购买,Bing,Claude Pro
claude pro 账号 购买,Google,Claude Pro
claude pro 专业推广方案,Google,Claude Pro
claude prozess,Bing,Claude Pro
claude prozess,Google,Claude Pro
claude pro 制限,Bing,Claude Pro
claude pro 账号 共享,Bing,Claude Pro
claude pro怎么用,Bing,Claude Pro
claude pro怎么充值,Bing,Claude Pro
claude pro 追加使用量,Bing,Claude Pro
claude pro 中文,Bing,Claude Pro
claude pro 値段,Bing,Claude Pro
claude pro 支払方法,Bing,Claude Pro
claude pro 支払い,Bing,Claude Pro
claude pro 限额,Bing,Claude Pro
claude pro 限额,Google,Claude Pro
claude pro 限制,Bing,Claude Pro
claude pro 限制,Google,Claude Pro
claude pro 限制 ptt,Google,Claude Pro
claude pro 心得,Google,Claude Pro
claude pro 香港,Google,Claude Pro
claude pro 虚拟信用卡,Google,Claude Pro
claude pro 学生,Google,Claude Pro
claude pro 消費税,Bing,Claude Pro
claude pro 学習,Bing,Claude Pro
claude注册要手机号怎么办,Bing,Claude 注册
claude注册要手机号怎么办,Google,Claude 注册
claude注册攻略,Bing,Claude 注册
claude注册攻略,Google,Claude 注册
claude注册不了,Bing,Claude 注册
claude注册不了,Google,Claude 注册
claude注册电话,Google,Claude 注册
claude注册方法,Bing,Claude 注册
claude注册方法,Google,Claude 注册
claude 注册 手机,Google,Claude 注册
claude 注册 秒 封,Bing,Claude 注册
claude 注册 秒 封,Google,Claude 注册
claude 注册 手机 号 2025,Google,Claude 注册
claude 注册 手机 号 验证,Google,Claude 注册
claude 注册 接 码,Google,Claude 注册
claude 注册 被 封,Google,Claude 注册
claude注册需要国外手机号,Bing,Claude 注册
claude注册被封,Bing,Claude 注册
claude注册跳过手机号,Bing,Claude 注册
claude注册跳过手机号,Google,Claude 注册
claude 注册 sms activate,Google,Claude 注册
claude 注册,Google,Claude 注册
claude注册 国外手机号,Bing,Claude 注册
claude 注册 v2ex,Bing,Claude 注册
claude 注册 v2ex,Google,Claude 注册
claude 注册 美国 手机 号,Google,Claude 注册
claude 注册 没有 中国,Google,Claude 注册
claude 注册 没有 手机 号,Google,Claude 注册
claude没法注册,Google,Claude 注册
claude 注册 需要 美国 手机 号,Google,Claude 注册
claude注册不支持国内手机号,Bing,Claude 注册
claude注册步骤,Bing,Claude 注册
claude 注册 使用,Google,Claude 注册
claude 注册 账号,Google,Claude 注册
claude 注册 验证 码,Google,Claude 注册
claude 注册 验证,Google,Claude 注册
claude 注册 方法,Google,Claude 注册
claude 注册 error sending code double check your phone number,Google,Claude 注册
claude 注册 方式,Google,Claude 注册
claude 注册封号,Bing,Claude 注册
claude 大陆 注册,Google,Claude 注册
claude desktop 注册,Google,Claude 注册
claude 注册 linux do,Google,Claude 注册
claude code 大陆 注册,Google,Claude 注册
claude code代注册,Google,Claude 注册
中国 大陆 注册 claude,Google,Claude 注册
claude 注册电话,Bing,Claude 注册
claude 注册登录,Bing,Claude 注册
claude注册电话号码,Bing,Claude 注册
claude注册电话号码,Google,Claude 注册
claude注册码,Bing,Claude 注册
claude 注册 号码,Google,Claude 注册
claude 注册 github,Google,Claude 注册
claude 注册 google voice,Google,Claude 注册
claude 注册 手机 号,Google,Claude 注册
claude code 注册 手机 号,Google,Claude 注册
claude ai 注册 手机 号,Google,Claude 注册
giffgaff 注册 claude,Google,Claude 注册
claude注册国内,Bing,Claude 注册
claude 注册 ip,Google,Claude 注册
claude注册 invalid authorization,Bing,Claude 注册
claude 注册 不了,Google,Claude 注册
claude 注册 封号,Google,Claude 注册
claude 不能 注册 新 用户,Google,Claude 注册
claude 不 让 注册,Google,Claude 注册
claude 不 开放 注册,Google,Claude 注册
claude 为什么 注册 不了,Google,Claude 注册
claude 不能 注册 了 吗,Google,Claude 注册
claude 国内 注册 方法,Google,Claude 注册
claude code 注册不了,Google,Claude 注册
claude 刚 注册 就 被 封 了,Google,Claude 注册
claude 中国不能注册吗,Google,Claude 注册
claude注册号码,Bing,Claude 注册
claude注册机,Bing,Claude 注册
claude注册机,Google,Claude 注册
claude注册接码平台,Bing,Claude 注册
claude注册就被封,Bing,Claude 注册
claude code注册,Bing,Claude 注册
claude注册流程,Bing,Claude 注册
claude注册流程,Google,Claude 注册
claude注册中心,Bing,Claude 注册
claude 注册 教程,Google,Claude 注册
claude 注册 攻略,Google,Claude 注册
claude 注册 国内,Google,Claude 注册
claude 注册 教学,Google,Claude 注册
claude code 注册,Google,Claude 注册
claude code 账号 注册,Google,Claude 注册
claude 官网 注册,Google,Claude 注册
claude code 如何 注册,Google,Claude 注册
claude code 注册 教程,Google,Claude 注册
claude code 注册 使用,Google,Claude 注册
claude code 无法 注册,Google,Claude 注册
claude code 中国 注册,Google,Claude 注册
claude code 如何 注册 使用,Google,Claude 注册
国内 如何 注册 claude,Google,Claude 注册
claude免注册,Google,Claude 注册
claude 不 允许 注册,Google,Claude 注册
claude 注册 美国 号码,Google,Claude 注册
claude注册没有中国,Bing,Claude 注册
claude 注册 unsupported phone line type please enter a different phone number,Google,Claude 注册
claude pro 注册,Google,Claude 注册
claude注册平台,Bing,Claude 注册
claude注册ping me,Bing,Claude 注册
claude注册phone_number_temp_blocked,Bing,Claude 注册
claude 注册 流程,Google,Claude 注册
claude 不能 注册 了,Google,Claude 注册
claude 不 让 注册 了,Google,Claude 注册
claude 注册 sms,Google,Claude 注册
claude注册使用,Bing,Claude 注册
claude注册使用,Google,Claude 注册
claude 注册 接 码 平台,Google,Claude 注册
claude 注册 指南,Google,Claude 注册
claude 注册 失败,Google,Claude 注册
claude 注册 最新,Google,Claude 注册
claude 无法 注册 新 用户,Google,Claude 注册
claude 3.5 sonnet 注册,Google,Claude 注册
claude 注册手机号验证,Bing,Claude 注册
claude注册使用教程,Bing,Claude 注册
claude注册sms,Bing,Claude 注册
claude注册失败,Bing,Claude 注册
claude注册手机验证,Bing,Claude 注册
google voice 注册 claude,Google,Claude 注册
claude注册网址,Bing,Claude 注册
claude注册网站,Bing,Claude 注册
wise 注册 claude,Google,Claude 注册
claude注册要手机号,Google,Claude 注册
claude 新 用户 注册,Google,Claude 注册
claude 注册 必须 要 手机 号 吗,Google,Claude 注册
中国 用户 注册 claude,Google,Claude 注册
claude注册一定要手机号码吗,Bing,Claude 注册
claude注册邮箱,Bing,Claude 注册
claude注册用什么邮箱,Bing,Claude 注册
claude注册验证码,Bing,Claude 注册
claude 注册 邮箱,Google,Claude 注册
claude注册需要手机号吗,Bing,Claude 注册
claude注册虚拟手机号,Bing,Claude 注册
claude 注册 机,Google,Claude 注册
claude 注册 短信,Google,Claude 注册
claude 注册 中国,Google,Claude 注册
claude 注册 手机 验证 码,Google,Claude 注册
claude 注册 知 乎,Google,Claude 注册
claude 注册 地址,Google,Claude 注册
claude 注册 中国 手机 号,Google,Claude 注册
claude 注册 需要 手机 号,Google,Claude 注册
claude 中国 怎么 注册,Google,Claude 注册
claude注册账号,Bing,Claude 注册
claude注册账号,Google,Claude 注册
claude 注册 需要 手机 号 吗,Google,Claude 注册
claude注册需要手机号码,Google,Claude 注册
claude code 注册 需要 手机 号,Google,Claude 注册
claude注册指南,Bing,Claude 注册
claude 封号 怎么 办,Google,Claude 封号
claude 封号 原因,Google,Claude 封号
claude封号怎么办,Bing,Claude 封号
claude封号原因,Bing,Claude 封号
claude封号原因,Google,Claude 封号
claude 封号 v2ex,Bing,Claude 封号
claude 封号 v2ex,Google,Claude 封号
claude封号退款,Bing,Claude 封号
claude封号退款,Google,Claude 封号
claude封号会退款吗,Bing,Claude 封号
claude封号申诉,Bing,Claude 封号
claude封号申诉,Google,Claude 封号
claude封号机制,Bing,Claude 封号
claude封号严重吗,Bing,Claude 封号
claude封号吗,Bing,Claude 封号
claude 封号规则,Google,Claude 封号
claude 封号会退款吗,Google,Claude 封号
claude 封号 linux do,Google,Claude 封号
claude封号问题,Google,Claude 封号
claude 大 规模 封号,Google,Claude 封号
claude desktop 封号,Google,Claude 封号
claude 大 封号,Google,Claude 封号
claude 防 封号,Google,Claude 封号
claude code 防 封号,Google,Claude 封号
claude 如何 防止 封号,Google,Claude 封号
claude code 防止 封号,Google,Claude 封号
claude 号 被 封 了,Google,Claude 封号
claude封号不退款,Google,Claude 封号
claude 被 封号,Google,Claude 封号
claude 被 封号 怎么 办,Google,Claude 封号
claude 不 封号,Google,Claude 封号
claude code 被 封号,Google,Claude 封号
claude code 不 封号,Google,Claude 封号
claude 如何 不 封号,Google,Claude 封号
claude 被 封号 申诉,Google,Claude 封号
claude 会 被 封号 吗,Google,Claude 封号
claude 不 封号 了,Google,Claude 封号
claude封号,Google,Claude 封号
claude 封号 了 怎么 办,Google,Claude 封号
claude 封 ip,Google,Claude 封号
claude 封号退款,Bing,Claude 封号
claude 封号严重吗,Bing,Claude 封号
claude code封号,Bing,Claude 封号
claude max 封号,Google,Claude 封号
claude 大 面积 封号,Google,Claude 封号
claude 封号原因,Bing,Claude 封号
claude封号了怎么办,Bing,Claude 封号
claude pro 封号,Google,Claude 封号
claude pro 封号 退 款,Google,Claude 封号
claude 封 账号,Google,Claude 封号
claude 封号 机制,Google,Claude 封号
claude 中国 封号,Google,Claude 封号
claude 中文 封号,Google,Claude 封号
claude code 中国封号,Google,Claude 封号
claude 封号 退 款,Google,Claude 封号
claude 封号 退 钱 吗,Google,Claude 封号
claude 封号策略,Google,Claude 封号
claude code 封号 退 款,Google,Claude 封号
claude relay service 封号,Google,Claude 封号
claude 被 封号 会 退 款 吗,Google,Claude 封号
claude 封号 会 退 钱 吗,Google,Claude 封号
claude 教程 github,Google,Claude 教程
claude code 使用 教程,Google,Claude 教程
claude 使用 教程,Google,Claude 教程
claude code 安装 教程,Google,Claude 教程
claude code router 教程,Google,Claude 教程
claude 宝宝 教程,Google,Claude 教程
super claude 教程,Google,Claude 教程
cursor claude 教程,Google,Claude 教程
gcp claude 教程,Google,Claude 教程
vscode cline教程,Google,Claude 教程
vscode 使用 claude 教程,Google,Claude 教程
注册 claude 教程,Google,Claude 教程
酒馆 claude 教程,Google,Claude 教程
claude教程下载,Bing,Claude 教程
claude教程在线,Bing,Claude 教程
claude教程实例,Bing,Claude 教程
claude教程网站,Bing,Claude 教程
claude教程英文,Bing,Claude 教程
claude教程视频,Bing,Claude 教程
claude教程pdf,Bing,Claude 教程
claude教程入门,Bing,Claude 教程
claude教程高级,Bing,Claude 教程
claude教程中文,Bing,Claude 教程
claude封号原理,Bing,Claude 封号
claude被封号了,Bing,Claude 封号
claude防封号,Bing,Claude 封号
claude code 部署 教程,Google,Claude 教程
claude 使用教程,Google,Claude 教程
claude 教程,Google,Claude 教程
claude 安装 教程,Google,Claude 教程
claude 教學,Google,Claude 教程
claude cli 教程,Google,Claude 教程
claude code cli 教程,Google,Claude 教程
claude desktop 教程,Google,Claude 教程
claude dev 教程,Google,Claude 教程
claude desktop 使用 教程,Google,Claude 教程
claude desktop mcp 教程,Google,Claude 教程
claude code deepseek 教程,Google,Claude 教程
claude 2 教程,Google,Claude 教程
claude code glm 教程,Google,Claude 教程
claude code 教程 github,Google,Claude 教程
claude 3.5 教程,Google,Claude 教程
claude code 配置 教程,Google,Claude 教程
claude 配置 教程,Google,Claude 教程
claude code hook教程,Google,Claude 教程
claude flow 教程,Google,Claude 教程
claude mcp 教程,Google,Claude 教程
claude code mcp 教程,Google,Claude 教程
claude code 安装 教程 mac,Google,Claude 教程
claude task master 教程,Google,Claude 教程
claude md 教程,Google,Claude 教程
claude mcp 使用 教程,Google,Claude 教程
claude code mac 教程,Google,Claude 教程
claude code 命令 教程,Google,Claude 教程
claude mem 教程,Google,Claude 教程
claude prompt 教程,Google,Claude 教程
claude pro 订阅 教程,Google,Claude 教程
claude code proxy 教程,Google,Claude 教程
claude relay service 教程,Google,Claude 教程
安装claude code教程,Bing,Claude 教程
claude code skills教程,Bing,Claude 教程
claude skills使用教程,Bing,Claude 教程
claude skills教程,Bing,Claude 教程
超纳米级claude code安装教程,Bing,Claude 教程
使用claude code教程,Bing,Claude 教程
在windows上安装claude code教程,Bing,Claude 教程
claude skill教程,Bing,Claude 教程
claude 破 限 教程,Google,Claude 教程
claude code使用教程,Bing,Claude 教程
claude使用教程,Bing,Claude 教程
claude code安装教程,Bing,Claude 教程
claude安装教程,Bing,Claude 教程
claude code教程,Bing,Claude 教程
claude code cli使用教程,Bing,Claude 教程
claude code使用教程windows,Bing,Claude 教程
claude 3.5 使用教程,Bing,Claude 教程
claude 3.7 使用教程,Bing,Claude 教程
如何免费使用claude3.5,Bing,Claude 教程
claude code 中文 教程,Google,Claude 教程
claude 充值 教程,Google,Claude 教程
claude 提示 词 教程,Google,Claude 教程
claude code 充值 教程,Google,Claude 教程
claude 中文 教程,Google,Claude 教程
claude ai 注册 教程,Google,Claude 教程
claude 付费 教程,Google,Claude 教程
claude3和claude3.5,Bing,Claude 教程
claude code windows 教程,Google,Claude 教程
claude code 安装 教程 windows,Google,Claude 教程
claude code 使用 教程 windows,Google,Claude 教程
claude computer use 教程,Google,Claude 教程
claude api 获取,Google,Claude API
claude api key 购买,Bing,Claude API
claude api key 购买,Google,Claude API
claude api 中转,Bing,Claude API
claude api 中转,Google,Claude API
claude api 平台,Google,Claude API
claude api收费,Google,Claude API
claude api购买,Bing,Claude API
claude api购买,Google,Claude API
claude api 充值,Bing,Claude API
claude api 充值,Google,Claude API
claude api platform,Bing,Claude API
claude api platform,Google,Claude API
claude api怎么用,Bing,Claude API
claude api怎么用,Google,Claude API
claude api 购买,Bing,Claude API
claude api免费,Bing,Claude API
claude api调用,Bing,Claude API
claude api调用,Google,Claude API
claude api密钥,Bing,Claude API
claude api console,Bing,Claude API
claude api console,Google,Claude API
claude api aws,Bing,Claude API
claude api aws,Google,Claude API
claude api account,Bing,Claude API
claude api account,Google,Claude API
claude api azure,Bing,Claude API
claude api azure,Google,Claude API
claude api ai,Bing,Claude API
claude api ai,Google,Claude API
claude api app,Bing,Claude API
claude api app,Google,Claude API
claude api billing,Bing,Claude API
claude api billing,Google,Claude API
claude api base url,Bing,Claude API
claude api base url,Google,Claude API
claude api buy,Bing,Claude API
claude api buy,Google,Claude API
claude api bedrock,Bing,Claude API
claude api bedrock,Google,Claude API
claude api balance,Bing,Claude API
claude api balance,Google,Claude API
claude api batch,Bing,Claude API
claude api batch,Google,Claude API
claude api 便宜,Bing,Claude API
claude api 包月,Bing,Claude API
claude api 绑卡,Bing,Claude API
claude api报错,Bing,Claude API
claude api 被封,Bing,Claude API
claude api cost,Bing,Claude API
claude api cost,Google,Claude API
claude api credits,Bing,Claude API
claude api credits,Google,Claude API
claude api code,Bing,Claude API
claude api code,Google,Claude API
claude api curl,Bing,Claude API
claude api curl,Google,Claude API
claude api caching,Bing,Claude API
claude api caching,Google,Claude API
claude api定价,Google,Claude API
claude api 代理,Bing,Claude API
claude api 代理,Google,Claude API
claude api第三方,Google,Claude API
claude api 地址,Google,Claude API
claude api 低价,Google,Claude API
claude api dashboard,Bing,Claude API
claude api dashboard,Google,Claude API
claude api developer,Bing,Claude API
claude api developer,Google,Claude API
claude api desktop,Bing,Claude API
claude api desktop,Google,Claude API
claude api down,Bing,Claude API
claude api down,Google,Claude API
claude api error,Bing,Claude API
claude api error,Google,Claude API
claude api error 400,Bing,Claude API
claude api error 400,Google,Claude API
claude api error connection error,Bing,Claude API
claude api error connection error,Google,Claude API
claude api endpoint,Bing,Claude API
claude api endpoint,Google,Claude API
claude api free,Bing,Claude API
claude api free,Google,Claude API
claude api 费用,Bing,Claude API
claude api 费用,Google,Claude API
claude api free tier,Bing,Claude API
claude api free tier,Google,Claude API
claude api fee,Bing,Claude API
claude api fee,Google,Claude API
claude api free trial,Bing,Claude API
claude api free trial,Google,Claude API
claude api free credits,Bing,Claude API
claude api free credits,Google,Claude API
claude api function calling,Bing,Claude API
claude api function calling,Google,Claude API
claude api 費用,Bing,Claude API
claude api分享,Bing,Claude API
claude api 封号,Bing,Claude API
claude api haiku,Bing,Claude API
claude api haiku,Google,Claude API
claude api 画像,Bing,Claude API
claude api获取,Bing,Claude API
claude api会被封吗,Bing,Claude API
claude api 画像生成,Bing,Claude API
claude api 画像認識,Bing,Claude API
claude api 国内,Bing,Claude API
claude api 国内,Google,Claude API
claude api 格式,Google,Claude API
claude api github,Bing,Claude API
claude api github,Google,Claude API
claude api官网,Google,Claude API
claude api 公益,Bing,Claude API
claude api 购买价格,Bing,Claude API
claude api 购买优惠,Bing,Claude API
claude api 购买教程,Bing,Claude API
claude api 购买流程,Bing,Claude API
claude api 购买评价,Bing,Claude API
claude api 购买须知,Bing,Claude API
claude api 国内代理,Bing,Claude API
claude api 购买合作伙伴,Bing,Claude API
claude api image,Bing,Claude API
claude api image,Google,Claude API
claude api is free,Bing,Claude API
claude api is free,Google,Claude API
claude api image input,Bing,Claude API
claude api image input,Google,Claude API
claude api接口,Bing,Claude API
claude api接口,Google,Claude API
claude api key 免费,Google,Claude API
claude api 教学,Google,Claude API
claude api 镜像,Google,Claude API
claude api json mode,Bing,Claude API
claude api json mode,Google,Claude API
claude api 接口 地址,Google,Claude API
claude api key申请,Google,Claude API
claude api key 取得,Google,Claude API
claude api key price,Bing,Claude API
claude api key price,Google,Claude API
claude api key在哪,Google,Claude API
claude api json output,Bing,Claude API
claude api json output,Google,Claude API
claude api 教學,Bing,Claude API
claude api镜像,Bing,Claude API
claude api接入,Bing,Claude API
claude api镜像站,Bing,Claude API
claude api 金額,Bing,Claude API
claude api 接口地址,Bing,Claude API
claude api 酒馆,Bing,Claude API
claude api login,Bing,Claude API
claude api login,Google,Claude API
claude api limit,Bing,Claude API
claude api limit,Google,Claude API
claude api link,Bing,Claude API
claude api link,Google,Claude API
claude api 料金,Bing,Claude API
claude api 料金表,Bing,Claude API
claude api 利用料,Bing,Claude API
claude api 料金比較,Bing,Claude API
claude api 利用方法,Bing,Claude API
claude api 利用規約,Bing,Claude API
claude api 料金 公式,Bing,Claude API
claude api key login,Bing,Claude API
claude api key login,Google,Claude API
claude api key 申请,Bing,Claude API
claude api key 申请,Google,Claude API
claude api key免费,Bing,Claude API
claude api逆向,Bing,Claude API
claude api 免费,Google,Claude API
claude api 免费 额度,Google,Claude API
claude api model list,Bing,Claude API
claude api model list,Google,Claude API
claude api 密钥,Google,Claude API
claude api mcp,Bing,Claude API
claude api mcp,Google,Claude API
claude api max_tokens,Bing,Claude API
claude api max_tokens,Google,Claude API
claude api 免費 額度,Bing,Claude API
claude api 免費,Bing,Claude API
claude api 申请,Bing,Claude API
claude api 申请,Google,Claude API
claude api 價格,Bing,Claude API
claude api 契約,Bing,Claude API
claude api 取得,Bing,Claude API
claude api 取得方法,Bing,Claude API
claude api overloaded,Bing,Claude API
claude api overloaded,Google,Claude API
claude api reference,Bing,Claude API
claude api reference,Google,Claude API
claude api 如何使用,Google,Claude API
claude api response,Bing,Claude API
claude api response,Google,Claude API
claude api 日本語,Bing,Claude API
claude api如何,Bing,Claude API
claude api如何使用,Bing,Claude API
claude api 如何获取,Bing,Claude API
claude api 配置,Google,Claude API
claude api proxy,Bing,Claude API
claude api proxy,Google,Claude API
claude api pdf,Bing,Claude API
claude api pdf,Google,Claude API
claude api python,Bing,Claude API
claude api python,Google,Claude API
claude api purchase,Bing,Claude API
claude api purchase,Google,Claude API
claude api plan,Bing,Claude API
claude api plan,Google,Claude API
claude api playground,Bing,Claude API
claude api playground,Google,Claude API
claude api申请,Google,Claude API
claude api使用,Google,Claude API
claude api sdk,Bing,Claude API
claude api sdk,Google,Claude API
claude api status,Bing,Claude API
claude api status,Google,Claude API
claude api system prompt,Bing,Claude API
claude api system prompt,Google,Claude API
claude api subscription,Bing,Claude API
claude api subscription,Google,Claude API
claude api 価格,Bing,Claude API
claude api 使用,Bing,Claude API
claude api 使い方,Bing,Claude API
claude api thinking,Bing,Claude API
claude api thinking,Google,Claude API
claude api token,Bing,Claude API
claude api token,Google,Claude API
claude api temperature,Bing,Claude API
claude api temperature,Google,Claude API
claude api tools,Bing,Claude API
claude api tools,Google,Claude API
claude api 调用,Bing,Claude API
claude api调用方法,Bing,Claude API
claude api 推論,Bing,Claude API
claude api usage,Bing,Claude API
claude api usage,Google,Claude API
claude api url,Bing,Claude API
claude api url,Google,Claude API
claude api usage billing,Bing,Claude API
claude api usage billing,Google,Claude API
claude api upload file,Bing,Claude API
claude api upload file,Google,Claude API
claude api vscode,Bing,Claude API
claude api vscode,Google,Claude API
claude api version,Bing,Claude API
claude api version,Google,Claude API
claude api vision,Bing,Claude API
claude api vision,Google,Claude API
claude api vs subscription,Bing,Claude API
claude api vs subscription,Google,Claude API
claude api中转站,Bing,Claude API
claude api中转站,Google,Claude API
claude api 账号 购买,Google,Claude API
claude api中专,Bing,Claude API
claude api怎么使用,Bing,Claude API
claude api怎么获取,Bing,Claude API
claude api 支払方法,Bing,Claude API
claude api 转发,Bing,Claude API
claude api 制限,Bing,Claude API
claude api 再学習,Bing,Claude API
claude api 转 openai api,Bing,Claude API
claude api 支払い方法,Bing,Claude API
claude 使用,Google,Claude API
claude api 有免费额度吗,Bing,Claude API
claude api域名,Bing,Claude API
claude api说明,Bing,Claude API
claude api余额查询,Bing,Claude API
claude api 香港,Google,Claude API
claude api 限制,Google,Claude API
claude api 学習,Bing,Claude API
claude api 信用卡,Bing,Claude API
claude api需要翻墙吗,Bing,Claude API
claude api文档,Bing,Claude API
claude api文档,Google,Claude API
claude api web search,Bing,Claude API
claude api web search,Google,Claude API
claude api website,Bing,Claude API
claude api website,Google,Claude API
claude api web検索,Bing,Claude API
claude api 无限,Bing,Claude API
claude api网站,Bing,Claude API
claude api网址,Bing,Claude API
claude api 无法使用,Bing,Claude API
claude 镜像 github,Google,Claude 镜像
claude 镜像搭建,Google,Claude 镜像
claude镜像站搭建,Bing,Claude 镜像
claude镜像站搭建,Google,Claude 镜像
claude镜像版,Bing,Claude 镜像
claude镜像版,Google,Claude 镜像
claude镜像站免费,Bing,Claude 镜像
claude 镜像 搭建,Bing,Claude 镜像
claude 镜像 搭建,Google,Claude 镜像
claude 镜像网站免费,Bing,Claude 镜像
claude镜像官网入口,Bing,Claude 镜像
claude 镜像 api,Bing,Claude 镜像
claude 镜像 api,Google,Claude 镜像
claude code 镜像 安装,Google,Claude 镜像
claude镜像aigcbar,Bing,Claude 镜像
claude镜像安装,Bing,Claude 镜像
claude code镜像,Bing,Claude 镜像
claude code 镜像 版,Google,Claude 镜像
claude 中文 版 镜像 网站,Google,Claude 镜像
claude 镜像 站,Google,Claude 镜像
claude 镜像 网站,Google,Claude 镜像
claude 镜像,Google,Claude 镜像
claude镜像池,Bing,Claude 镜像
claude镜像特点,Bing,Claude 镜像
claude镜像介绍,Bing,Claude 镜像
claude镜像优化,Bing,Claude 镜像
claude镜像教程,Bing,Claude 镜像
claude 镜像 代理,Google,Claude 镜像
claude code 镜像 代理,Google,Claude 镜像
claude+是,Google,Claude 镜像
claude 镜像代理,Bing,Claude 镜像
claude 镜像 版,Google,Claude 镜像
claude code 镜像 github,Google,Claude 镜像
claude code镜像原理,Google,Claude 镜像
gac claude 镜像,Google,Claude 镜像
claude镜像 github,Bing,Claude 镜像
claude镜像更新,Bing,Claude 镜像
claude code 镜像 服务,Google,Claude 镜像
claude code 镜像 配置,Google,Claude 镜像
claude 镜像 池,Google,Claude 镜像
claude 的 镜像 入口,Google,Claude 镜像
claude code 镜像,Google,Claude 镜像
claude code 镜像 站,Google,Claude 镜像
claude 国内 镜像,Google,Claude 镜像
claude code 国内 镜像,Google,Claude 镜像
claude code 国内 镜像 站,Google,Claude 镜像
claude 国内 镜像 站,Google,Claude 镜像
claude code 中国 镜像,Google,Claude 镜像
claude code 官方 镜像,Google,Claude 镜像
claude code 镜像 站 推荐,Google,Claude 镜像
claude 官网 镜像,Google,Claude 镜像
claude code api 镜像,Google,Claude 镜像
claude code 中转 镜像,Google,Claude 镜像
claude opus 镜像,Google,Claude 镜像
claude code镜像站,Bing,Claude 镜像
claude免费镜像号池,Bing,Claude 镜像
claude 3 . 5国内镜像,Bing,Claude 镜像
claude3.5国内镜像网站,Bing,Claude 镜像
claude 3.5 免费镜像,Bing,Claude 镜像
claude镜像评价,Bing,Claude 镜像
claude镜像使用,Bing,Claude 镜像
claude镜像使用,Google,Claude 镜像
claude 3.7 sonnet 镜像,Google,Claude 镜像
claude sonnet 4.5 镜像,Google,Claude 镜像
claude sonnet镜像,Google,Claude 镜像
claude镜像是什么,Bing,Claude 镜像
claude 中文 镜像,Google,Claude 镜像
claude 中国 镜像,Google,Claude 镜像
claude code 中国 镜像 站,Google,Claude 镜像
claude 的 镜像 网站,Google,Claude 镜像
claude镜像推荐,Bing,Claude 镜像
claude镜像问题,Bing,Claude 镜像
claude镜像网站怎么样,Bing,Claude 镜像
claude镜像网站源码,Bing,Claude 镜像
claude镜像网址,Bing,Claude 镜像
claude镜像源,Bing,Claude 镜像
claude镜像有什么区别,Bing,Claude 镜像
claude镜像下载,Bing,Claude 镜像
claude镜像站api,Bing,Claude 镜像
claude镜像站点,Bing,Claude 镜像
claude镜像知乎,Bing,Claude 镜像
claude会员额度,Google,Claude 会员
claude会员购买,Bing,Claude 会员
claude会员购买,Google,Claude 会员
claude 会员充值,Google,Claude 会员
claude 会员 权益,Google,Claude 会员
claude 会员 多少 钱,Google,Claude 会员
claude ai 会员,Google,Claude 会员
claude会员能用多少次,Bing,Claude 会员
claude会员充值,Bing,Claude 会员
claude会员开通,Bing,Claude 会员
claude会员多少钱,Bing,Claude 会员
claude会员多少钱一个月,Bing,Claude 会员
claude会员一个月多少钱,Bing,Claude 会员
claude会员区别,Bing,Claude 会员
claude会员区别,Google,Claude 会员
claude申请,Google,Claude 会员
claude会员账号,Bing,Claude 会员
claude会员体验,Bing,Claude 会员
claude code会员,Bing,Claude 会员
claude接入qq会员,Bing,Claude 会员
claude code会员价格,Bing,Claude 会员
claude 会员 价格,Google,Claude 会员
claude 会员,Google,Claude 会员
claude 会员 充值,Google,Claude 会员
claude 学生 会员,Google,Claude 会员
claude 会员 一个 月 多少 钱,Google,Claude 会员
claude 3.5 国内注册,Bing,Claude 会员
claude 会员 限制,Google,Claude 会员
claude 会员 限额,Google,Claude 会员
claude code 会员,Google,Claude 会员
claude code 会员价格,Google,Claude 会员
claude code pro 会员,Google,Claude 会员
claude code 开 会员,Google,Claude 会员
claude code max 会员,Google,Claude 会员
claude plus 高级 会员 共享 帐号,Google,Claude 会员
claude 送 会员,Google,Claude 会员
claude max会员,Google,Claude 会员
claude免费会员,Google,Claude 会员
claude pro 会员,Google,Claude 会员
claude会员权益,Bing,Claude 会员
claude 会员 使用 次数,Google,Claude 会员
claude code 会员 多少 钱,Google,Claude 会员
claude 会员 有 什么 用,Google,Claude 会员
claude 会员 用量,Google,Claude 会员
claude会员有限制次数吗,Bing,Claude 会员
